ISO3155-2,pref,city,url
JP-01,北海道,札幌市中央区,https://saigai.gsi.go.jp/jusho/download/data/01101.zip
JP-01,北海道,札幌市北区,https://saigai.gsi.go.jp/jusho/download/data/01102.zip
JP-01,北海道,札幌市東区,https://saigai.gsi.go.jp/jusho/download/data/01103.zip
JP-01,北海道,札幌市白石区,https://saigai.gsi.go.jp/jusho/download/data/01104.zip
JP-01,北海道,札幌市豊平区,https://saigai.gsi.go.jp/jusho/download/data/01105.zip
JP-01,北海道,札幌市南区,https://saigai.gsi.go.jp/jusho/download/data/01106.zip
JP-01,北海道,札幌市西区,https://saigai.gsi.go.jp/jusho/download/data/01107.zip
JP-01,北海道,札幌市厚別区,https://saigai.gsi.go.jp/jusho/download/data/01108.zip
JP-01,北海道,札幌市手稲区,https://saigai.gsi.go.jp/jusho/download/data/01109.zip
JP-01,北海道,札幌市清田区,https://saigai.gsi.go.jp/jusho/download/data/01110.zip
JP-01,北海道,函館市,https://saigai.gsi.go.jp/jusho/download/data/01202.zip
JP-01,北海道,旭川市,https://saigai.gsi.go.jp/jusho/download/data/01204.zip
JP-01,北海道,室蘭市,https://saigai.gsi.go.jp/jusho/download/data/01205.zip
JP-01,北海道,釧路市,https://saigai.gsi.go.jp/jusho/download/data/01206.zip
JP-01,北海道,帯広市,https://saigai.gsi.go.jp/jusho/download/data/01207.zip
JP-01,北海道,北見市,https://saigai.gsi.go.jp/jusho/download/data/01208.zip
JP-01,北海道,岩見沢市,https://saigai.gsi.go.jp/jusho/download/data/01210.zip
JP-01,北海道,網走市,https://saigai.gsi.go.jp/jusho/download/data/01211.zip
JP-01,北海道,留萌市,https://saigai.gsi.go.jp/jusho/download/data/01212.zip
JP-01,北海道,苫小牧市,https://saigai.gsi.go.jp/jusho/download/data/01213.zip
JP-01,北海道,稚内市,https://saigai.gsi.go.jp/jusho/download/data/01214.zip
JP-01,北海道,美唄市,https://saigai.gsi.go.jp/jusho/download/data/01215.zip
JP-01,北海道,紋別市,https://saigai.gsi.go.jp/jusho/download/data/01219.zip
JP-01,北海道,士別市,https://saigai.gsi.go.jp/jusho/download/data/01220.zip
JP-01,北海道,千歳市,https://saigai.gsi.go.jp/jusho/download/data/01224.zip
JP-01,北海道,滝川市,https://saigai.gsi.go.jp/jusho/download/data/01225.zip
JP-01,北海道,砂川市,https://saigai.gsi.go.jp/jusho/download/data/01226.zip
JP-01,北海道,深川市,https://saigai.gsi.go.jp/jusho/download/data/01228.zip
JP-01,北海道,富良野市,https://saigai.gsi.go.jp/jusho/download/data/01229.zip
JP-01,北海道,恵庭市,https://saigai.gsi.go.jp/jusho/download/data/01231.zip
JP-01,北海道,北斗市,https://saigai.gsi.go.jp/jusho/download/data/01236.zip
JP-01,北海道,七飯町,https://saigai.gsi.go.jp/jusho/download/data/01337.zip
JP-01,北海道,南幌町,https://saigai.gsi.go.jp/jusho/download/data/01423.zip
JP-01,北海道,長沼町,https://saigai.gsi.go.jp/jusho/download/data/01428.zip
JP-01,北海道,沼田町,https://saigai.gsi.go.jp/jusho/download/data/01438.zip
JP-01,北海道,鷹栖町,https://saigai.gsi.go.jp/jusho/download/data/01452.zip
JP-01,北海道,東神楽町,https://saigai.gsi.go.jp/jusho/download/data/01453.zip
JP-01,北海道,当麻町,https://saigai.gsi.go.jp/jusho/download/data/01454.zip
JP-01,北海道,比布町,https://saigai.gsi.go.jp/jusho/download/data/01455.zip
JP-01,北海道,東川町,https://saigai.gsi.go.jp/jusho/download/data/01458.zip
JP-01,北海道,美瑛町,https://saigai.gsi.go.jp/jusho/download/data/01459.zip
JP-01,北海道,上富良野町,https://saigai.gsi.go.jp/jusho/download/data/01460.zip
JP-01,北海道,中富良野町,https://saigai.gsi.go.jp/jusho/download/data/01461.zip
JP-01,北海道,剣淵町,https://saigai.gsi.go.jp/jusho/download/data/01465.zip
JP-01,北海道,小清水町,https://saigai.gsi.go.jp/jusho/download/data/01547.zip
JP-01,北海道,大空町,https://saigai.gsi.go.jp/jusho/download/data/01564.zip
JP-01,北海道,白老町,https://saigai.gsi.go.jp/jusho/download/data/01578.zip
JP-01,北海道,日高町,https://saigai.gsi.go.jp/jusho/download/data/01601.zip
JP-01,北海道,浦河町,https://saigai.gsi.go.jp/jusho/download/data/01607.zip
JP-01,北海道,新ひだか町,https://saigai.gsi.go.jp/jusho/download/data/01610.zip
JP-01,北海道,標茶町,https://saigai.gsi.go.jp/jusho/download/data/01664.zip
JP-01,北海道,弟子屈町,https://saigai.gsi.go.jp/jusho/download/data/01665.zip
JP-02,青森県,青森市,https://saigai.gsi.go.jp/jusho/download/data/02201.zip
JP-02,青森県,八戸市,https://saigai.gsi.go.jp/jusho/download/data/02203.zip
JP-02,青森県,五所川原市,https://saigai.gsi.go.jp/jusho/download/data/02205.zip
JP-02,青森県,十和田市,https://saigai.gsi.go.jp/jusho/download/data/02206.zip
JP-02,青森県,三沢市,https://saigai.gsi.go.jp/jusho/download/data/02207.zip
JP-02,青森県,むつ市,https://saigai.gsi.go.jp/jusho/download/data/02208.zip
JP-03,岩手県,盛岡市,https://saigai.gsi.go.jp/jusho/download/data/03201.zip
JP-03,岩手県,宮古市,https://saigai.gsi.go.jp/jusho/download/data/03202.zip
JP-03,岩手県,花巻市,https://saigai.gsi.go.jp/jusho/download/data/03205.zip
JP-03,岩手県,北上市,https://saigai.gsi.go.jp/jusho/download/data/03206.zip
JP-03,岩手県,久慈市,https://saigai.gsi.go.jp/jusho/download/data/03207.zip
JP-03,岩手県,遠野市,https://saigai.gsi.go.jp/jusho/download/data/03208.zip
JP-03,岩手県,一関市,https://saigai.gsi.go.jp/jusho/download/data/03209.zip
JP-03,岩手県,釜石市,https://saigai.gsi.go.jp/jusho/download/data/03211.zip
JP-03,岩手県,奥州市,https://saigai.gsi.go.jp/jusho/download/data/03215.zip
JP-03,岩手県,矢巾町,https://saigai.gsi.go.jp/jusho/download/data/03322.zip
JP-03,岩手県,大槌町,https://saigai.gsi.go.jp/jusho/download/data/03461.zip
JP-03,岩手県,山田町,https://saigai.gsi.go.jp/jusho/download/data/03482.zip
JP-04,宮城県,仙台市青葉区,https://saigai.gsi.go.jp/jusho/download/data/04101.zip
JP-04,宮城県,仙台市宮城野区,https://saigai.gsi.go.jp/jusho/download/data/04102.zip
JP-04,宮城県,仙台市若林区,https://saigai.gsi.go.jp/jusho/download/data/04103.zip
JP-04,宮城県,仙台市太白区,https://saigai.gsi.go.jp/jusho/download/data/04104.zip
JP-04,宮城県,仙台市泉区,https://saigai.gsi.go.jp/jusho/download/data/04105.zip
JP-04,宮城県,石巻市,https://saigai.gsi.go.jp/jusho/download/data/04202.zip
JP-04,宮城県,塩竈市,https://saigai.gsi.go.jp/jusho/download/data/04203.zip
JP-04,宮城県,気仙沼市,https://saigai.gsi.go.jp/jusho/download/data/04205.zip
JP-04,宮城県,白石市,https://saigai.gsi.go.jp/jusho/download/data/04206.zip
JP-04,宮城県,名取市,https://saigai.gsi.go.jp/jusho/download/data/04207.zip
JP-04,宮城県,多賀城市,https://saigai.gsi.go.jp/jusho/download/data/04209.zip
JP-04,宮城県,岩沼市,https://saigai.gsi.go.jp/jusho/download/data/04211.zip
JP-04,宮城県,栗原市,https://saigai.gsi.go.jp/jusho/download/data/04213.zip
JP-04,宮城県,大崎市,https://saigai.gsi.go.jp/jusho/download/data/04215.zip
JP-04,宮城県,富谷市,https://saigai.gsi.go.jp/jusho/download/data/04216.zip
JP-04,宮城県,柴田町,https://saigai.gsi.go.jp/jusho/download/data/04323.zip
JP-04,宮城県,七ヶ浜町,https://saigai.gsi.go.jp/jusho/download/data/04404.zip
JP-05,秋田県,能代市,https://saigai.gsi.go.jp/jusho/download/data/05202.zip
JP-05,秋田県,横手市,https://saigai.gsi.go.jp/jusho/download/data/05203.zip
JP-05,秋田県,大館市,https://saigai.gsi.go.jp/jusho/download/data/05204.zip
JP-05,秋田県,湯沢市,https://saigai.gsi.go.jp/jusho/download/data/05207.zip
JP-05,秋田県,大仙市,https://saigai.gsi.go.jp/jusho/download/data/05212.zip
JP-05,秋田県,北秋田市,https://saigai.gsi.go.jp/jusho/download/data/05213.zip
JP-06,山形県,山形市,https://saigai.gsi.go.jp/jusho/download/data/06201.zip
JP-06,山形県,米沢市,https://saigai.gsi.go.jp/jusho/download/data/06202.zip
JP-06,山形県,鶴岡市,https://saigai.gsi.go.jp/jusho/download/data/06203.zip
JP-06,山形県,酒田市,https://saigai.gsi.go.jp/jusho/download/data/06204.zip
JP-06,山形県,新庄市,https://saigai.gsi.go.jp/jusho/download/data/06205.zip
JP-06,山形県,寒河江市,https://saigai.gsi.go.jp/jusho/download/data/06206.zip
JP-06,山形県,上山市,https://saigai.gsi.go.jp/jusho/download/data/06207.zip
JP-06,山形県,村山市,https://saigai.gsi.go.jp/jusho/download/data/06208.zip
JP-06,山形県,長井市,https://saigai.gsi.go.jp/jusho/download/data/06209.zip
JP-06,山形県,天童市,https://saigai.gsi.go.jp/jusho/download/data/06210.zip
JP-06,山形県,東根市,https://saigai.gsi.go.jp/jusho/download/data/06211.zip
JP-06,山形県,尾花沢市,https://saigai.gsi.go.jp/jusho/download/data/06212.zip
JP-07,福島県,福島市,https://saigai.gsi.go.jp/jusho/download/data/07201.zip
JP-07,福島県,会津若松市,https://saigai.gsi.go.jp/jusho/download/data/07202.zip
JP-07,福島県,郡山市,https://saigai.gsi.go.jp/jusho/download/data/07203.zip
JP-08,茨城県,水戸市,https://saigai.gsi.go.jp/jusho/download/data/08201.zip
JP-08,茨城県,土浦市,https://saigai.gsi.go.jp/jusho/download/data/08203.zip
JP-08,茨城県,古河市,https://saigai.gsi.go.jp/jusho/download/data/08204.zip
JP-08,茨城県,石岡市,https://saigai.gsi.go.jp/jusho/download/data/08205.zip
JP-08,茨城県,笠間市,https://saigai.gsi.go.jp/jusho/download/data/08216.zip
JP-08,茨城県,取手市,https://saigai.gsi.go.jp/jusho/download/data/08217.zip
JP-08,茨城県,ひたちなか市,https://saigai.gsi.go.jp/jusho/download/data/08221.zip
JP-08,茨城県,鹿嶋市,https://saigai.gsi.go.jp/jusho/download/data/08222.zip
JP-08,茨城県,筑西市,https://saigai.gsi.go.jp/jusho/download/data/08227.zip
JP-08,茨城県,坂東市,https://saigai.gsi.go.jp/jusho/download/data/08228.zip
JP-08,茨城県,かすみがうら市,https://saigai.gsi.go.jp/jusho/download/data/08230.zip
JP-08,茨城県,神栖市,https://saigai.gsi.go.jp/jusho/download/data/08232.zip
JP-08,茨城県,東海村,https://saigai.gsi.go.jp/jusho/download/data/08341.zip
JP-08,茨城県,阿見町,https://saigai.gsi.go.jp/jusho/download/data/08443.zip
JP-09,栃木県,宇都宮市,https://saigai.gsi.go.jp/jusho/download/data/09201.zip
JP-09,栃木県,栃木市,https://saigai.gsi.go.jp/jusho/download/data/09203.zip
JP-09,栃木県,佐野市,https://saigai.gsi.go.jp/jusho/download/data/09204.zip
JP-09,栃木県,鹿沼市,https://saigai.gsi.go.jp/jusho/download/data/09205.zip
JP-09,栃木県,日光市,https://saigai.gsi.go.jp/jusho/download/data/09206.zip
JP-09,栃木県,小山市,https://saigai.gsi.go.jp/jusho/download/data/09208.zip
JP-09,栃木県,大田原市,https://saigai.gsi.go.jp/jusho/download/data/09210.zip
JP-09,栃木県,矢板市,https://saigai.gsi.go.jp/jusho/download/data/09211.zip
JP-09,栃木県,那須塩原市,https://saigai.gsi.go.jp/jusho/download/data/09213.zip
JP-09,栃木県,さくら市,https://saigai.gsi.go.jp/jusho/download/data/09214.zip
JP-09,栃木県,那須烏山市,https://saigai.gsi.go.jp/jusho/download/data/09215.zip
JP-09,栃木県,下野市,https://saigai.gsi.go.jp/jusho/download/data/09216.zip
JP-09,栃木県,壬生町,https://saigai.gsi.go.jp/jusho/download/data/09361.zip
JP-10,群馬県,前橋市,https://saigai.gsi.go.jp/jusho/download/data/10201.zip
JP-10,群馬県,高崎市,https://saigai.gsi.go.jp/jusho/download/data/10202.zip
JP-10,群馬県,桐生市,https://saigai.gsi.go.jp/jusho/download/data/10203.zip
JP-10,群馬県,太田市,https://saigai.gsi.go.jp/jusho/download/data/10205.zip
JP-10,群馬県,館林市,https://saigai.gsi.go.jp/jusho/download/data/10207.zip
JP-10,群馬県,安中市,https://saigai.gsi.go.jp/jusho/download/data/10211.zip
JP-10,群馬県,大泉町,https://saigai.gsi.go.jp/jusho/download/data/10524.zip
JP-11,埼玉県,さいたま市西区,https://saigai.gsi.go.jp/jusho/download/data/11101.zip
JP-11,埼玉県,さいたま市大宮区,https://saigai.gsi.go.jp/jusho/download/data/11103.zip
JP-11,埼玉県,さいたま市見沼区,https://saigai.gsi.go.jp/jusho/download/data/11104.zip
JP-11,埼玉県,さいたま市中央区,https://saigai.gsi.go.jp/jusho/download/data/11105.zip
JP-11,埼玉県,さいたま市桜区,https://saigai.gsi.go.jp/jusho/download/data/11106.zip
JP-11,埼玉県,さいたま市浦和区,https://saigai.gsi.go.jp/jusho/download/data/11107.zip
JP-11,埼玉県,さいたま市南区,https://saigai.gsi.go.jp/jusho/download/data/11108.zip
JP-11,埼玉県,さいたま市緑区,https://saigai.gsi.go.jp/jusho/download/data/11109.zip
JP-11,埼玉県,さいたま市岩槻区,https://saigai.gsi.go.jp/jusho/download/data/11110.zip
JP-11,埼玉県,熊谷市,https://saigai.gsi.go.jp/jusho/download/data/11202.zip
JP-11,埼玉県,川口市,https://saigai.gsi.go.jp/jusho/download/data/11203.zip
JP-11,埼玉県,秩父市,https://saigai.gsi.go.jp/jusho/download/data/11207.zip
JP-11,埼玉県,所沢市,https://saigai.gsi.go.jp/jusho/download/data/11208.zip
JP-11,埼玉県,飯能市,https://saigai.gsi.go.jp/jusho/download/data/11209.zip
JP-11,埼玉県,加須市,https://saigai.gsi.go.jp/jusho/download/data/11210.zip
JP-11,埼玉県,本庄市,https://saigai.gsi.go.jp/jusho/download/data/11211.zip
JP-11,埼玉県,東松山市,https://saigai.gsi.go.jp/jusho/download/data/11212.zip
JP-11,埼玉県,春日部市,https://saigai.gsi.go.jp/jusho/download/data/11214.zip
JP-11,埼玉県,狭山市,https://saigai.gsi.go.jp/jusho/download/data/11215.zip
JP-11,埼玉県,羽生市,https://saigai.gsi.go.jp/jusho/download/data/11216.zip
JP-11,埼玉県,鴻巣市,https://saigai.gsi.go.jp/jusho/download/data/11217.zip
JP-11,埼玉県,深谷市,https://saigai.gsi.go.jp/jusho/download/data/11218.zip
JP-11,埼玉県,上尾市,https://saigai.gsi.go.jp/jusho/download/data/11219.zip
JP-11,埼玉県,草加市,https://saigai.gsi.go.jp/jusho/download/data/11221.zip
JP-11,埼玉県,越谷市,https://saigai.gsi.go.jp/jusho/download/data/11222.zip
JP-11,埼玉県,蕨市,https://saigai.gsi.go.jp/jusho/download/data/11223.zip
JP-11,埼玉県,戸田市,https://saigai.gsi.go.jp/jusho/download/data/11224.zip
JP-11,埼玉県,入間市,https://saigai.gsi.go.jp/jusho/download/data/11225.zip
JP-11,埼玉県,朝霞市,https://saigai.gsi.go.jp/jusho/download/data/11227.zip
JP-11,埼玉県,志木市,https://saigai.gsi.go.jp/jusho/download/data/11228.zip
JP-11,埼玉県,和光市,https://saigai.gsi.go.jp/jusho/download/data/11229.zip
JP-11,埼玉県,新座市,https://saigai.gsi.go.jp/jusho/download/data/11230.zip
JP-11,埼玉県,桶川市,https://saigai.gsi.go.jp/jusho/download/data/11231.zip
JP-11,埼玉県,久喜市,https://saigai.gsi.go.jp/jusho/download/data/11232.zip
JP-11,埼玉県,富士見市,https://saigai.gsi.go.jp/jusho/download/data/11235.zip
JP-11,埼玉県,三郷市,https://saigai.gsi.go.jp/jusho/download/data/11237.zip
JP-11,埼玉県,蓮田市,https://saigai.gsi.go.jp/jusho/download/data/11238.zip
JP-11,埼玉県,坂戸市,https://saigai.gsi.go.jp/jusho/download/data/11239.zip
JP-11,埼玉県,幸手市,https://saigai.gsi.go.jp/jusho/download/data/11240.zip
JP-11,埼玉県,鶴ヶ島市,https://saigai.gsi.go.jp/jusho/download/data/11241.zip
JP-11,埼玉県,日高市,https://saigai.gsi.go.jp/jusho/download/data/11242.zip
JP-11,埼玉県,ふじみ野市,https://saigai.gsi.go.jp/jusho/download/data/11245.zip
JP-11,埼玉県,鳩山町,https://saigai.gsi.go.jp/jusho/download/data/11348.zip
JP-11,埼玉県,宮代町,https://saigai.gsi.go.jp/jusho/download/data/11442.zip
JP-11,埼玉県,杉戸町,https://saigai.gsi.go.jp/jusho/download/data/11464.zip
JP-12,千葉県,千葉市中央区,https://saigai.gsi.go.jp/jusho/download/data/12101.zip
JP-12,千葉県,千葉市花見川区,https://saigai.gsi.go.jp/jusho/download/data/12102.zip
JP-12,千葉県,千葉市稲毛区,https://saigai.gsi.go.jp/jusho/download/data/12103.zip
JP-12,千葉県,千葉市若葉区,https://saigai.gsi.go.jp/jusho/download/data/12104.zip
JP-12,千葉県,千葉市美浜区,https://saigai.gsi.go.jp/jusho/download/data/12106.zip
JP-12,千葉県,市川市,https://saigai.gsi.go.jp/jusho/download/data/12203.zip
JP-12,千葉県,船橋市,https://saigai.gsi.go.jp/jusho/download/data/12204.zip
JP-12,千葉県,木更津市,https://saigai.gsi.go.jp/jusho/download/data/12206.zip
JP-12,千葉県,佐倉市,https://saigai.gsi.go.jp/jusho/download/data/12212.zip
JP-12,千葉県,習志野市,https://saigai.gsi.go.jp/jusho/download/data/12216.zip
JP-12,千葉県,柏市,https://saigai.gsi.go.jp/jusho/download/data/12217.zip
JP-12,千葉県,八千代市,https://saigai.gsi.go.jp/jusho/download/data/12221.zip
JP-12,千葉県,我孫子市,https://saigai.gsi.go.jp/jusho/download/data/12222.zip
JP-12,千葉県,鎌ケ谷市,https://saigai.gsi.go.jp/jusho/download/data/12224.zip
JP-12,千葉県,君津市,https://saigai.gsi.go.jp/jusho/download/data/12225.zip
JP-12,千葉県,浦安市,https://saigai.gsi.go.jp/jusho/download/data/12227.zip
JP-12,千葉県,四街道市,https://saigai.gsi.go.jp/jusho/download/data/12228.zip
JP-12,千葉県,白井市,https://saigai.gsi.go.jp/jusho/download/data/12232.zip
JP-12,千葉県,栄町,https://saigai.gsi.go.jp/jusho/download/data/12329.zip
JP-13,東京都,千代田区,https://saigai.gsi.go.jp/jusho/download/data/13101.zip
JP-13,東京都,中央区,https://saigai.gsi.go.jp/jusho/download/data/13102.zip
JP-13,東京都,新宿区,https://saigai.gsi.go.jp/jusho/download/data/13104.zip
JP-13,東京都,文京区,https://saigai.gsi.go.jp/jusho/download/data/13105.zip
JP-13,東京都,台東区,https://saigai.gsi.go.jp/jusho/download/data/13106.zip
JP-13,東京都,墨田区,https://saigai.gsi.go.jp/jusho/download/data/13107.zip
JP-13,東京都,江東区,https://saigai.gsi.go.jp/jusho/download/data/13108.zip
JP-13,東京都,目黒区,https://saigai.gsi.go.jp/jusho/download/data/13110.zip
JP-13,東京都,大田区,https://saigai.gsi.go.jp/jusho/download/data/13111.zip
JP-13,東京都,世田谷区,https://saigai.gsi.go.jp/jusho/download/data/13112.zip
JP-13,東京都,渋谷区,https://saigai.gsi.go.jp/jusho/download/data/13113.zip
JP-13,東京都,中野区,https://saigai.gsi.go.jp/jusho/download/data/13114.zip
JP-13,東京都,杉並区,https://saigai.gsi.go.jp/jusho/download/data/13115.zip
JP-13,東京都,豊島区,https://saigai.gsi.go.jp/jusho/download/data/13116.zip
JP-13,東京都,北区,https://saigai.gsi.go.jp/jusho/download/data/13117.zip
JP-13,東京都,荒川区,https://saigai.gsi.go.jp/jusho/download/data/13118.zip
JP-13,東京都,板橋区,https://saigai.gsi.go.jp/jusho/download/data/13119.zip
JP-13,東京都,練馬区,https://saigai.gsi.go.jp/jusho/download/data/13120.zip
JP-13,東京都,足立区,https://saigai.gsi.go.jp/jusho/download/data/13121.zip
JP-13,東京都,葛飾区,https://saigai.gsi.go.jp/jusho/download/data/13122.zip
JP-13,東京都,江戸川区,https://saigai.gsi.go.jp/jusho/download/data/13123.zip
JP-13,東京都,八王子市,https://saigai.gsi.go.jp/jusho/download/data/13201.zip
JP-13,東京都,立川市,https://saigai.gsi.go.jp/jusho/download/data/13202.zip
JP-13,東京都,武蔵野市,https://saigai.gsi.go.jp/jusho/download/data/13203.zip
JP-13,東京都,三鷹市,https://saigai.gsi.go.jp/jusho/download/data/13204.zip
JP-13,東京都,昭島市,https://saigai.gsi.go.jp/jusho/download/data/13207.zip
JP-13,東京都,町田市,https://saigai.gsi.go.jp/jusho/download/data/13209.zip
JP-13,東京都,小金井市,https://saigai.gsi.go.jp/jusho/download/data/13210.zip
JP-13,東京都,小平市,https://saigai.gsi.go.jp/jusho/download/data/13211.zip
JP-13,東京都,国分寺市,https://saigai.gsi.go.jp/jusho/download/data/13214.zip
JP-13,東京都,狛江市,https://saigai.gsi.go.jp/jusho/download/data/13219.zip
JP-13,東京都,清瀬市,https://saigai.gsi.go.jp/jusho/download/data/13221.zip
JP-13,東京都,東久留米市,https://saigai.gsi.go.jp/jusho/download/data/13222.zip
JP-13,東京都,羽村市,https://saigai.gsi.go.jp/jusho/download/data/13227.zip
JP-13,東京都,西東京市,https://saigai.gsi.go.jp/jusho/download/data/13229.zip
JP-14,神奈川県,横浜市鶴見区,https://saigai.gsi.go.jp/jusho/download/data/14101.zip
JP-14,神奈川県,横浜市神奈川区,https://saigai.gsi.go.jp/jusho/download/data/14102.zip
JP-14,神奈川県,横浜市西区,https://saigai.gsi.go.jp/jusho/download/data/14103.zip
JP-14,神奈川県,横浜市中区,https://saigai.gsi.go.jp/jusho/download/data/14104.zip
JP-14,神奈川県,横浜市南区,https://saigai.gsi.go.jp/jusho/download/data/14105.zip
JP-14,神奈川県,横浜市保土ケ谷区,https://saigai.gsi.go.jp/jusho/download/data/14106.zip
JP-14,神奈川県,横浜市磯子区,https://saigai.gsi.go.jp/jusho/download/data/14107.zip
JP-14,神奈川県,横浜市金沢区,https://saigai.gsi.go.jp/jusho/download/data/14108.zip
JP-14,神奈川県,横浜市港北区,https://saigai.gsi.go.jp/jusho/download/data/14109.zip
JP-14,神奈川県,横浜市戸塚区,https://saigai.gsi.go.jp/jusho/download/data/14110.zip
JP-14,神奈川県,横浜市港南区,https://saigai.gsi.go.jp/jusho/download/data/14111.zip
JP-14,神奈川県,横浜市旭区,https://saigai.gsi.go.jp/jusho/download/data/14112.zip
JP-14,神奈川県,横浜市緑区,https://saigai.gsi.go.jp/jusho/download/data/14113.zip
JP-14,神奈川県,横浜市栄区,https://saigai.gsi.go.jp/jusho/download/data/14115.zip
JP-14,神奈川県,横浜市泉区,https://saigai.gsi.go.jp/jusho/download/data/14116.zip
JP-14,神奈川県,横浜市都筑区,https://saigai.gsi.go.jp/jusho/download/data/14118.zip
JP-14,神奈川県,川崎市川崎区,https://saigai.gsi.go.jp/jusho/download/data/14131.zip
JP-14,神奈川県,川崎市幸区,https://saigai.gsi.go.jp/jusho/download/data/14132.zip
JP-14,神奈川県,川崎市中原区,https://saigai.gsi.go.jp/jusho/download/data/14133.zip
JP-14,神奈川県,川崎市高津区,https://saigai.gsi.go.jp/jusho/download/data/14134.zip
JP-14,神奈川県,川崎市多摩区,https://saigai.gsi.go.jp/jusho/download/data/14135.zip
JP-14,神奈川県,川崎市宮前区,https://saigai.gsi.go.jp/jusho/download/data/14136.zip
JP-14,神奈川県,川崎市麻生区,https://saigai.gsi.go.jp/jusho/download/data/14137.zip
JP-14,神奈川県,相模原市緑区,https://saigai.gsi.go.jp/jusho/download/data/14151.zip
JP-14,神奈川県,相模原市中央区,https://saigai.gsi.go.jp/jusho/download/data/14152.zip
JP-14,神奈川県,相模原市南区,https://saigai.gsi.go.jp/jusho/download/data/14153.zip
JP-14,神奈川県,平塚市,https://saigai.gsi.go.jp/jusho/download/data/14203.zip
JP-14,神奈川県,鎌倉市,https://saigai.gsi.go.jp/jusho/download/data/14204.zip
JP-14,神奈川県,藤沢市,https://saigai.gsi.go.jp/jusho/download/data/14205.zip
JP-14,神奈川県,小田原市,https://saigai.gsi.go.jp/jusho/download/data/14206.zip
JP-14,神奈川県,茅ヶ崎市,https://saigai.gsi.go.jp/jusho/download/data/14207.zip
JP-14,神奈川県,逗子市,https://saigai.gsi.go.jp/jusho/download/data/14208.zip
JP-14,神奈川県,三浦市,https://saigai.gsi.go.jp/jusho/download/data/14210.zip
JP-14,神奈川県,秦野市,https://saigai.gsi.go.jp/jusho/download/data/14211.zip
JP-14,神奈川県,厚木市,https://saigai.gsi.go.jp/jusho/download/data/14212.zip
JP-14,神奈川県,大和市,https://saigai.gsi.go.jp/jusho/download/data/14213.zip
JP-14,神奈川県,伊勢原市,https://saigai.gsi.go.jp/jusho/download/data/14214.zip
JP-14,神奈川県,海老名市,https://saigai.gsi.go.jp/jusho/download/data/14215.zip
JP-14,神奈川県,座間市,https://saigai.gsi.go.jp/jusho/download/data/14216.zip
JP-14,神奈川県,綾瀬市,https://saigai.gsi.go.jp/jusho/download/data/14218.zip
JP-14,神奈川県,寒川町,https://saigai.gsi.go.jp/jusho/download/data/14321.zip
JP-14,神奈川県,大磯町,https://saigai.gsi.go.jp/jusho/download/data/14341.zip
JP-14,神奈川県,二宮町,https://saigai.gsi.go.jp/jusho/download/data/14342.zip
JP-15,新潟県,新潟市北区,https://saigai.gsi.go.jp/jusho/download/data/15101.zip
JP-15,新潟県,新潟市東区,https://saigai.gsi.go.jp/jusho/download/data/15102.zip
JP-15,新潟県,新潟市中央区,https://saigai.gsi.go.jp/jusho/download/data/15103.zip
JP-15,新潟県,新潟市江南区,https://saigai.gsi.go.jp/jusho/download/data/15104.zip
JP-15,新潟県,新潟市秋葉区,https://saigai.gsi.go.jp/jusho/download/data/15105.zip
JP-15,新潟県,新潟市南区,https://saigai.gsi.go.jp/jusho/download/data/15106.zip
JP-15,新潟県,新潟市西区,https://saigai.gsi.go.jp/jusho/download/data/15107.zip
JP-15,新潟県,長岡市,https://saigai.gsi.go.jp/jusho/download/data/15202.zip
JP-15,新潟県,三条市,https://saigai.gsi.go.jp/jusho/download/data/15204.zip
JP-15,新潟県,柏崎市,https://saigai.gsi.go.jp/jusho/download/data/15205.zip
JP-15,新潟県,新発田市,https://saigai.gsi.go.jp/jusho/download/data/15206.zip
JP-15,新潟県,小千谷市,https://saigai.gsi.go.jp/jusho/download/data/15208.zip
JP-15,新潟県,加茂市,https://saigai.gsi.go.jp/jusho/download/data/15209.zip
JP-15,新潟県,見附市,https://saigai.gsi.go.jp/jusho/download/data/15211.zip
JP-15,新潟県,村上市,https://saigai.gsi.go.jp/jusho/download/data/15212.zip
JP-15,新潟県,燕市,https://saigai.gsi.go.jp/jusho/download/data/15213.zip
JP-15,新潟県,糸魚川市,https://saigai.gsi.go.jp/jusho/download/data/15216.zip
JP-15,新潟県,妙高市,https://saigai.gsi.go.jp/jusho/download/data/15217.zip
JP-15,新潟県,五泉市,https://saigai.gsi.go.jp/jusho/download/data/15218.zip
JP-15,新潟県,上越市,https://saigai.gsi.go.jp/jusho/download/data/15222.zip
JP-15,新潟県,阿賀野市,https://saigai.gsi.go.jp/jusho/download/data/15223.zip
JP-15,新潟県,胎内市,https://saigai.gsi.go.jp/jusho/download/data/15227.zip
JP-16,富山県,富山市,https://saigai.gsi.go.jp/jusho/download/data/16201.zip
JP-16,富山県,高岡市,https://saigai.gsi.go.jp/jusho/download/data/16202.zip
JP-16,富山県,魚津市,https://saigai.gsi.go.jp/jusho/download/data/16204.zip
JP-16,富山県,氷見市,https://saigai.gsi.go.jp/jusho/download/data/16205.zip
JP-16,富山県,滑川市,https://saigai.gsi.go.jp/jusho/download/data/16206.zip
JP-16,富山県,砺波市,https://saigai.gsi.go.jp/jusho/download/data/16208.zip
JP-16,富山県,小矢部市,https://saigai.gsi.go.jp/jusho/download/data/16209.zip
JP-16,富山県,射水市,https://saigai.gsi.go.jp/jusho/download/data/16211.zip
JP-17,石川県,金沢市,https://saigai.gsi.go.jp/jusho/download/data/17201.zip
JP-17,石川県,野々市市,https://saigai.gsi.go.jp/jusho/download/data/17212.zip
JP-18,福井県,福井市,https://saigai.gsi.go.jp/jusho/download/data/18201.zip
JP-18,福井県,敦賀市,https://saigai.gsi.go.jp/jusho/download/data/18202.zip
JP-18,福井県,小浜市,https://saigai.gsi.go.jp/jusho/download/data/18204.zip
JP-18,福井県,大野市,https://saigai.gsi.go.jp/jusho/download/data/18205.zip
JP-18,福井県,勝山市,https://saigai.gsi.go.jp/jusho/download/data/18206.zip
JP-18,福井県,鯖江市,https://saigai.gsi.go.jp/jusho/download/data/18207.zip
JP-18,福井県,あわら市,https://saigai.gsi.go.jp/jusho/download/data/18208.zip
JP-18,福井県,越前市,https://saigai.gsi.go.jp/jusho/download/data/18209.zip
JP-18,福井県,坂井市,https://saigai.gsi.go.jp/jusho/download/data/18210.zip
JP-19,山梨県,甲府市,https://saigai.gsi.go.jp/jusho/download/data/19201.zip
JP-19,山梨県,富士吉田市,https://saigai.gsi.go.jp/jusho/download/data/19202.zip
JP-19,山梨県,都留市,https://saigai.gsi.go.jp/jusho/download/data/19204.zip
JP-19,山梨県,大月市,https://saigai.gsi.go.jp/jusho/download/data/19206.zip
JP-19,山梨県,韮崎市,https://saigai.gsi.go.jp/jusho/download/data/19207.zip
JP-19,山梨県,上野原市,https://saigai.gsi.go.jp/jusho/download/data/19212.zip
JP-20,長野県,長野市,https://saigai.gsi.go.jp/jusho/download/data/20201.zip
JP-20,長野県,松本市,https://saigai.gsi.go.jp/jusho/download/data/20202.zip
JP-20,長野県,上田市,https://saigai.gsi.go.jp/jusho/download/data/20203.zip
JP-20,長野県,岡谷市,https://saigai.gsi.go.jp/jusho/download/data/20204.zip
JP-20,長野県,諏訪市,https://saigai.gsi.go.jp/jusho/download/data/20206.zip
JP-20,長野県,須坂市,https://saigai.gsi.go.jp/jusho/download/data/20207.zip
JP-20,長野県,小諸市,https://saigai.gsi.go.jp/jusho/download/data/20208.zip
JP-20,長野県,駒ヶ根市,https://saigai.gsi.go.jp/jusho/download/data/20210.zip
JP-20,長野県,中野市,https://saigai.gsi.go.jp/jusho/download/data/20211.zip
JP-20,長野県,茅野市,https://saigai.gsi.go.jp/jusho/download/data/20214.zip
JP-20,長野県,塩尻市,https://saigai.gsi.go.jp/jusho/download/data/20215.zip
JP-21,岐阜県,岐阜市,https://saigai.gsi.go.jp/jusho/download/data/21201.zip
JP-21,岐阜県,関市,https://saigai.gsi.go.jp/jusho/download/data/21205.zip
JP-21,岐阜県,中津川市,https://saigai.gsi.go.jp/jusho/download/data/21206.zip
JP-21,岐阜県,美濃加茂市,https://saigai.gsi.go.jp/jusho/download/data/21211.zip
JP-21,岐阜県,飛騨市,https://saigai.gsi.go.jp/jusho/download/data/21217.zip
JP-22,静岡県,静岡市葵区,https://saigai.gsi.go.jp/jusho/download/data/22101.zip
JP-22,静岡県,静岡市駿河区,https://saigai.gsi.go.jp/jusho/download/data/22102.zip
JP-22,静岡県,静岡市清水区,https://saigai.gsi.go.jp/jusho/download/data/22103.zip
JP-22,静岡県,浜松市中区,https://saigai.gsi.go.jp/jusho/download/data/22131.zip
JP-22,静岡県,浜松市東区,https://saigai.gsi.go.jp/jusho/download/data/22132.zip
JP-22,静岡県,浜松市西区,https://saigai.gsi.go.jp/jusho/download/data/22133.zip
JP-22,静岡県,浜松市南区,https://saigai.gsi.go.jp/jusho/download/data/22134.zip
JP-22,静岡県,浜松市北区,https://saigai.gsi.go.jp/jusho/download/data/22135.zip
JP-22,静岡県,浜松市浜北区,https://saigai.gsi.go.jp/jusho/download/data/22136.zip
JP-22,静岡県,沼津市,https://saigai.gsi.go.jp/jusho/download/data/22203.zip
JP-22,静岡県,熱海市,https://saigai.gsi.go.jp/jusho/download/data/22205.zip
JP-22,静岡県,三島市,https://saigai.gsi.go.jp/jusho/download/data/22206.zip
JP-22,静岡県,富士宮市,https://saigai.gsi.go.jp/jusho/download/data/22207.zip
JP-22,静岡県,伊東市,https://saigai.gsi.go.jp/jusho/download/data/22208.zip
JP-22,静岡県,島田市,https://saigai.gsi.go.jp/jusho/download/data/22209.zip
JP-22,静岡県,富士市,https://saigai.gsi.go.jp/jusho/download/data/22210.zip
JP-22,静岡県,磐田市,https://saigai.gsi.go.jp/jusho/download/data/22211.zip
JP-22,静岡県,焼津市,https://saigai.gsi.go.jp/jusho/download/data/22212.zip
JP-22,静岡県,掛川市,https://saigai.gsi.go.jp/jusho/download/data/22213.zip
JP-22,静岡県,藤枝市,https://saigai.gsi.go.jp/jusho/download/data/22214.zip
JP-22,静岡県,御殿場市,https://saigai.gsi.go.jp/jusho/download/data/22215.zip
JP-22,静岡県,下田市,https://saigai.gsi.go.jp/jusho/download/data/22219.zip
JP-22,静岡県,湖西市,https://saigai.gsi.go.jp/jusho/download/data/22221.zip
JP-22,静岡県,長泉町,https://saigai.gsi.go.jp/jusho/download/data/22342.zip
JP-23,愛知県,名古屋市千種区,https://saigai.gsi.go.jp/jusho/download/data/23101.zip
JP-23,愛知県,名古屋市東区,https://saigai.gsi.go.jp/jusho/download/data/23102.zip
JP-23,愛知県,名古屋市北区,https://saigai.gsi.go.jp/jusho/download/data/23103.zip
JP-23,愛知県,名古屋市西区,https://saigai.gsi.go.jp/jusho/download/data/23104.zip
JP-23,愛知県,名古屋市中村区,https://saigai.gsi.go.jp/jusho/download/data/23105.zip
JP-23,愛知県,名古屋市中区,https://saigai.gsi.go.jp/jusho/download/data/23106.zip
JP-23,愛知県,名古屋市昭和区,https://saigai.gsi.go.jp/jusho/download/data/23107.zip
JP-23,愛知県,名古屋市瑞穂区,https://saigai.gsi.go.jp/jusho/download/data/23108.zip
JP-23,愛知県,名古屋市熱田区,https://saigai.gsi.go.jp/jusho/download/data/23109.zip
JP-23,愛知県,名古屋市中川区,https://saigai.gsi.go.jp/jusho/download/data/23110.zip
JP-23,愛知県,名古屋市港区,https://saigai.gsi.go.jp/jusho/download/data/23111.zip
JP-23,愛知県,名古屋市南区,https://saigai.gsi.go.jp/jusho/download/data/23112.zip
JP-23,愛知県,名古屋市守山区,https://saigai.gsi.go.jp/jusho/download/data/23113.zip
JP-23,愛知県,岡崎市,https://saigai.gsi.go.jp/jusho/download/data/23202.zip
JP-23,愛知県,一宮市,https://saigai.gsi.go.jp/jusho/download/data/23203.zip
JP-23,愛知県,春日井市,https://saigai.gsi.go.jp/jusho/download/data/23206.zip
JP-23,愛知県,安城市,https://saigai.gsi.go.jp/jusho/download/data/23212.zip
JP-23,愛知県,西尾市,https://saigai.gsi.go.jp/jusho/download/data/23213.zip
JP-23,愛知県,蒲郡市,https://saigai.gsi.go.jp/jusho/download/data/23214.zip
JP-23,愛知県,稲沢市,https://saigai.gsi.go.jp/jusho/download/data/23220.zip
JP-24,三重県,津市,https://saigai.gsi.go.jp/jusho/download/data/24201.zip
JP-24,三重県,四日市市,https://saigai.gsi.go.jp/jusho/download/data/24202.zip
JP-24,三重県,伊勢市,https://saigai.gsi.go.jp/jusho/download/data/24203.zip
JP-24,三重県,鈴鹿市,https://saigai.gsi.go.jp/jusho/download/data/24207.zip
JP-24,三重県,尾鷲市,https://saigai.gsi.go.jp/jusho/download/data/24209.zip
JP-24,三重県,亀山市,https://saigai.gsi.go.jp/jusho/download/data/24210.zip
JP-24,三重県,鳥羽市,https://saigai.gsi.go.jp/jusho/download/data/24211.zip
JP-24,三重県,伊賀市,https://saigai.gsi.go.jp/jusho/download/data/24216.zip
JP-25,滋賀県,大津市,https://saigai.gsi.go.jp/jusho/download/data/25201.zip
JP-25,滋賀県,彦根市,https://saigai.gsi.go.jp/jusho/download/data/25202.zip
JP-25,滋賀県,長浜市,https://saigai.gsi.go.jp/jusho/download/data/25203.zip
JP-25,滋賀県,草津市,https://saigai.gsi.go.jp/jusho/download/data/25206.zip
JP-25,滋賀県,守山市,https://saigai.gsi.go.jp/jusho/download/data/25207.zip
JP-25,滋賀県,栗東市,https://saigai.gsi.go.jp/jusho/download/data/25208.zip
JP-25,滋賀県,甲賀市,https://saigai.gsi.go.jp/jusho/download/data/25209.zip
JP-25,滋賀県,野洲市,https://saigai.gsi.go.jp/jusho/download/data/25210.zip
JP-25,滋賀県,湖南市,https://saigai.gsi.go.jp/jusho/download/data/25211.zip
JP-25,滋賀県,東近江市,https://saigai.gsi.go.jp/jusho/download/data/25213.zip
JP-26,京都府,亀岡市,https://saigai.gsi.go.jp/jusho/download/data/26206.zip
JP-26,京都府,長岡京市,https://saigai.gsi.go.jp/jusho/download/data/26209.zip
JP-27,大阪府,大阪市都島区,https://saigai.gsi.go.jp/jusho/download/data/27102.zip
JP-27,大阪府,大阪市福島区,https://saigai.gsi.go.jp/jusho/download/data/27103.zip
JP-27,大阪府,大阪市此花区,https://saigai.gsi.go.jp/jusho/download/data/27104.zip
JP-27,大阪府,大阪市西区,https://saigai.gsi.go.jp/jusho/download/data/27106.zip
JP-27,大阪府,大阪市港区,https://saigai.gsi.go.jp/jusho/download/data/27107.zip
JP-27,大阪府,大阪市大正区,https://saigai.gsi.go.jp/jusho/download/data/27108.zip
JP-27,大阪府,大阪市天王寺区,https://saigai.gsi.go.jp/jusho/download/data/27109.zip
JP-27,大阪府,大阪市浪速区,https://saigai.gsi.go.jp/jusho/download/data/27111.zip
JP-27,大阪府,大阪市西淀川区,https://saigai.gsi.go.jp/jusho/download/data/27113.zip
JP-27,大阪府,大阪市東淀川区,https://saigai.gsi.go.jp/jusho/download/data/27114.zip
JP-27,大阪府,大阪市東成区,https://saigai.gsi.go.jp/jusho/download/data/27115.zip
JP-27,大阪府,大阪市生野区,https://saigai.gsi.go.jp/jusho/download/data/27116.zip
JP-27,大阪府,大阪市旭区,https://saigai.gsi.go.jp/jusho/download/data/27117.zip
JP-27,大阪府,大阪市城東区,https://saigai.gsi.go.jp/jusho/download/data/27118.zip
JP-27,大阪府,大阪市阿倍野区,https://saigai.gsi.go.jp/jusho/download/data/27119.zip
JP-27,大阪府,大阪市住吉区,https://saigai.gsi.go.jp/jusho/download/data/27120.zip
JP-27,大阪府,大阪市東住吉区,https://saigai.gsi.go.jp/jusho/download/data/27121.zip
JP-27,大阪府,大阪市西成区,https://saigai.gsi.go.jp/jusho/download/data/27122.zip
JP-27,大阪府,大阪市淀川区,https://saigai.gsi.go.jp/jusho/download/data/27123.zip
JP-27,大阪府,大阪市鶴見区,https://saigai.gsi.go.jp/jusho/download/data/27124.zip
JP-27,大阪府,大阪市住之江区,https://saigai.gsi.go.jp/jusho/download/data/27125.zip
JP-27,大阪府,大阪市平野区,https://saigai.gsi.go.jp/jusho/download/data/27126.zip
JP-27,大阪府,大阪市北区,https://saigai.gsi.go.jp/jusho/download/data/27127.zip
JP-27,大阪府,大阪市中央区,https://saigai.gsi.go.jp/jusho/download/data/27128.zip
JP-27,大阪府,堺市堺区,https://saigai.gsi.go.jp/jusho/download/data/27141.zip
JP-27,大阪府,堺市中区,https://saigai.gsi.go.jp/jusho/download/data/27142.zip
JP-27,大阪府,堺市東区,https://saigai.gsi.go.jp/jusho/download/data/27143.zip
JP-27,大阪府,堺市西区,https://saigai.gsi.go.jp/jusho/download/data/27144.zip
JP-27,大阪府,堺市南区,https://saigai.gsi.go.jp/jusho/download/data/27145.zip
JP-27,大阪府,堺市北区,https://saigai.gsi.go.jp/jusho/download/data/27146.zip
JP-27,大阪府,堺市美原区,https://saigai.gsi.go.jp/jusho/download/data/27147.zip
JP-27,大阪府,岸和田市,https://saigai.gsi.go.jp/jusho/download/data/27202.zip
JP-27,大阪府,池田市,https://saigai.gsi.go.jp/jusho/download/data/27204.zip
JP-27,大阪府,吹田市,https://saigai.gsi.go.jp/jusho/download/data/27205.zip
JP-27,大阪府,泉大津市,https://saigai.gsi.go.jp/jusho/download/data/27206.zip
JP-27,大阪府,貝塚市,https://saigai.gsi.go.jp/jusho/download/data/27208.zip
JP-27,大阪府,守口市,https://saigai.gsi.go.jp/jusho/download/data/27209.zip
JP-27,大阪府,枚方市,https://saigai.gsi.go.jp/jusho/download/data/27210.zip
JP-27,大阪府,茨木市,https://saigai.gsi.go.jp/jusho/download/data/27211.zip
JP-27,大阪府,八尾市,https://saigai.gsi.go.jp/jusho/download/data/27212.zip
JP-27,大阪府,泉佐野市,https://saigai.gsi.go.jp/jusho/download/data/27213.zip
JP-27,大阪府,富田林市,https://saigai.gsi.go.jp/jusho/download/data/27214.zip
JP-27,大阪府,寝屋川市,https://saigai.gsi.go.jp/jusho/download/data/27215.zip
JP-27,大阪府,河内長野市,https://saigai.gsi.go.jp/jusho/download/data/27216.zip
JP-27,大阪府,松原市,https://saigai.gsi.go.jp/jusho/download/data/27217.zip
JP-27,大阪府,和泉市,https://saigai.gsi.go.jp/jusho/download/data/27219.zip
JP-27,大阪府,箕面市,https://saigai.gsi.go.jp/jusho/download/data/27220.zip
JP-27,大阪府,柏原市,https://saigai.gsi.go.jp/jusho/download/data/27221.zip
JP-27,大阪府,羽曳野市,https://saigai.gsi.go.jp/jusho/download/data/27222.zip
JP-27,大阪府,門真市,https://saigai.gsi.go.jp/jusho/download/data/27223.zip
JP-27,大阪府,摂津市,https://saigai.gsi.go.jp/jusho/download/data/27224.zip
JP-27,大阪府,高石市,https://saigai.gsi.go.jp/jusho/download/data/27225.zip
JP-27,大阪府,藤井寺市,https://saigai.gsi.go.jp/jusho/download/data/27226.zip
JP-27,大阪府,東大阪市,https://saigai.gsi.go.jp/jusho/download/data/27227.zip
JP-27,大阪府,泉南市,https://saigai.gsi.go.jp/jusho/download/data/27228.zip
JP-27,大阪府,四條畷市,https://saigai.gsi.go.jp/jusho/download/data/27229.zip
JP-27,大阪府,交野市,https://saigai.gsi.go.jp/jusho/download/data/27230.zip
JP-27,大阪府,大阪狭山市,https://saigai.gsi.go.jp/jusho/download/data/27231.zip
JP-27,大阪府,阪南市,https://saigai.gsi.go.jp/jusho/download/data/27232.zip
JP-27,大阪府,島本町,https://saigai.gsi.go.jp/jusho/download/data/27301.zip
JP-27,大阪府,忠岡町,https://saigai.gsi.go.jp/jusho/download/data/27341.zip
JP-27,大阪府,熊取町,https://saigai.gsi.go.jp/jusho/download/data/27361.zip
JP-27,大阪府,岬町,https://saigai.gsi.go.jp/jusho/download/data/27366.zip
JP-27,大阪府,河南町,https://saigai.gsi.go.jp/jusho/download/data/27382.zip
JP-28,兵庫県,神戸市東灘区,https://saigai.gsi.go.jp/jusho/download/data/28101.zip
JP-28,兵庫県,神戸市灘区,https://saigai.gsi.go.jp/jusho/download/data/28102.zip
JP-28,兵庫県,神戸市兵庫区,https://saigai.gsi.go.jp/jusho/download/data/28105.zip
JP-28,兵庫県,神戸市長田区,https://saigai.gsi.go.jp/jusho/download/data/28106.zip
JP-28,兵庫県,神戸市須磨区,https://saigai.gsi.go.jp/jusho/download/data/28107.zip
JP-28,兵庫県,神戸市垂水区,https://saigai.gsi.go.jp/jusho/download/data/28108.zip
JP-28,兵庫県,神戸市北区,https://saigai.gsi.go.jp/jusho/download/data/28109.zip
JP-28,兵庫県,神戸市中央区,https://saigai.gsi.go.jp/jusho/download/data/28110.zip
JP-28,兵庫県,神戸市西区,https://saigai.gsi.go.jp/jusho/download/data/28111.zip
JP-28,兵庫県,姫路市,https://saigai.gsi.go.jp/jusho/download/data/28201.zip
JP-28,兵庫県,尼崎市,https://saigai.gsi.go.jp/jusho/download/data/28202.zip
JP-28,兵庫県,明石市,https://saigai.gsi.go.jp/jusho/download/data/28203.zip
JP-28,兵庫県,西宮市,https://saigai.gsi.go.jp/jusho/download/data/28204.zip
JP-28,兵庫県,洲本市,https://saigai.gsi.go.jp/jusho/download/data/28205.zip
JP-28,兵庫県,芦屋市,https://saigai.gsi.go.jp/jusho/download/data/28206.zip
JP-28,兵庫県,伊丹市,https://saigai.gsi.go.jp/jusho/download/data/28207.zip
JP-28,兵庫県,相生市,https://saigai.gsi.go.jp/jusho/download/data/28208.zip
JP-28,兵庫県,豊岡市,https://saigai.gsi.go.jp/jusho/download/data/28209.zip
JP-28,兵庫県,加古川市,https://saigai.gsi.go.jp/jusho/download/data/28210.zip
JP-28,兵庫県,宝塚市,https://saigai.gsi.go.jp/jusho/download/data/28214.zip
JP-28,兵庫県,三木市,https://saigai.gsi.go.jp/jusho/download/data/28215.zip
JP-28,兵庫県,高砂市,https://saigai.gsi.go.jp/jusho/download/data/28216.zip
JP-28,兵庫県,川西市,https://saigai.gsi.go.jp/jusho/download/data/28217.zip
JP-28,兵庫県,三田市,https://saigai.gsi.go.jp/jusho/download/data/28219.zip
JP-28,兵庫県,播磨町,https://saigai.gsi.go.jp/jusho/download/data/28382.zip
JP-29,奈良県,奈良市,https://saigai.gsi.go.jp/jusho/download/data/29201.zip
JP-29,奈良県,大和高田市,https://saigai.gsi.go.jp/jusho/download/data/29202.zip
JP-29,奈良県,大和郡山市,https://saigai.gsi.go.jp/jusho/download/data/29203.zip
JP-29,奈良県,橿原市,https://saigai.gsi.go.jp/jusho/download/data/29205.zip
JP-29,奈良県,五條市,https://saigai.gsi.go.jp/jusho/download/data/29207.zip
JP-29,奈良県,生駒市,https://saigai.gsi.go.jp/jusho/download/data/29209.zip
JP-29,奈良県,香芝市,https://saigai.gsi.go.jp/jusho/download/data/29210.zip
JP-29,奈良県,平群町,https://saigai.gsi.go.jp/jusho/download/data/29342.zip
JP-29,奈良県,三郷町,https://saigai.gsi.go.jp/jusho/download/data/29343.zip
JP-29,奈良県,斑鳩町,https://saigai.gsi.go.jp/jusho/download/data/29344.zip
JP-29,奈良県,上牧町,https://saigai.gsi.go.jp/jusho/download/data/29424.zip
JP-29,奈良県,王寺町,https://saigai.gsi.go.jp/jusho/download/data/29425.zip
JP-29,奈良県,広陵町,https://saigai.gsi.go.jp/jusho/download/data/29426.zip
JP-29,奈良県,河合町,https://saigai.gsi.go.jp/jusho/download/data/29427.zip
JP-30,和歌山県,和歌山市,https://saigai.gsi.go.jp/jusho/download/data/30201.zip
JP-30,和歌山県,橋本市,https://saigai.gsi.go.jp/jusho/download/data/30203.zip
JP-30,和歌山県,田辺市,https://saigai.gsi.go.jp/jusho/download/data/30206.zip
JP-30,和歌山県,新宮市,https://saigai.gsi.go.jp/jusho/download/data/30207.zip
JP-30,和歌山県,上富田町,https://saigai.gsi.go.jp/jusho/download/data/30404.zip
JP-30,和歌山県,那智勝浦町,https://saigai.gsi.go.jp/jusho/download/data/30421.zip
JP-31,鳥取県,鳥取市,https://saigai.gsi.go.jp/jusho/download/data/31201.zip
JP-31,鳥取県,米子市,https://saigai.gsi.go.jp/jusho/download/data/31202.zip
JP-32,島根県,松江市,https://saigai.gsi.go.jp/jusho/download/data/32201.zip
JP-32,島根県,出雲市,https://saigai.gsi.go.jp/jusho/download/data/32203.zip
JP-32,島根県,益田市,https://saigai.gsi.go.jp/jusho/download/data/32204.zip
JP-32,島根県,安来市,https://saigai.gsi.go.jp/jusho/download/data/32206.zip
JP-33,岡山県,岡山市北区,https://saigai.gsi.go.jp/jusho/download/data/33101.zip
JP-33,岡山県,岡山市中区,https://saigai.gsi.go.jp/jusho/download/data/33102.zip
JP-33,岡山県,岡山市東区,https://saigai.gsi.go.jp/jusho/download/data/33103.zip
JP-33,岡山県,岡山市南区,https://saigai.gsi.go.jp/jusho/download/data/33104.zip
JP-33,岡山県,倉敷市,https://saigai.gsi.go.jp/jusho/download/data/33202.zip
JP-33,岡山県,玉野市,https://saigai.gsi.go.jp/jusho/download/data/33204.zip
JP-33,岡山県,総社市,https://saigai.gsi.go.jp/jusho/download/data/33208.zip
JP-34,広島県,広島市中区,https://saigai.gsi.go.jp/jusho/download/data/34101.zip
JP-34,広島県,広島市東区,https://saigai.gsi.go.jp/jusho/download/data/34102.zip
JP-34,広島県,広島市南区,https://saigai.gsi.go.jp/jusho/download/data/34103.zip
JP-34,広島県,広島市西区,https://saigai.gsi.go.jp/jusho/download/data/34104.zip
JP-34,広島県,広島市安佐南区,https://saigai.gsi.go.jp/jusho/download/data/34105.zip
JP-34,広島県,広島市安佐北区,https://saigai.gsi.go.jp/jusho/download/data/34106.zip
JP-34,広島県,広島市安芸区,https://saigai.gsi.go.jp/jusho/download/data/34107.zip
JP-34,広島県,広島市佐伯区,https://saigai.gsi.go.jp/jusho/download/data/34108.zip
JP-34,広島県,呉市,https://saigai.gsi.go.jp/jusho/download/data/34202.zip
JP-34,広島県,竹原市,https://saigai.gsi.go.jp/jusho/download/data/34203.zip
JP-34,広島県,三原市,https://saigai.gsi.go.jp/jusho/download/data/34204.zip
JP-34,広島県,尾道市,https://saigai.gsi.go.jp/jusho/download/data/34205.zip
JP-34,広島県,福山市,https://saigai.gsi.go.jp/jusho/download/data/34207.zip
JP-34,広島県,三次市,https://saigai.gsi.go.jp/jusho/download/data/34209.zip
JP-34,広島県,庄原市,https://saigai.gsi.go.jp/jusho/download/data/34210.zip
JP-34,広島県,大竹市,https://saigai.gsi.go.jp/jusho/download/data/34211.zip
JP-34,広島県,東広島市,https://saigai.gsi.go.jp/jusho/download/data/34212.zip
JP-34,広島県,廿日市市,https://saigai.gsi.go.jp/jusho/download/data/34213.zip
JP-34,広島県,江田島市,https://saigai.gsi.go.jp/jusho/download/data/34215.zip
JP-34,広島県,府中町,https://saigai.gsi.go.jp/jusho/download/data/34302.zip
JP-34,広島県,海田町,https://saigai.gsi.go.jp/jusho/download/data/34304.zip
JP-34,広島県,熊野町,https://saigai.gsi.go.jp/jusho/download/data/34307.zip
JP-34,広島県,坂町,https://saigai.gsi.go.jp/jusho/download/data/34309.zip
JP-35,山口県,下関市,https://saigai.gsi.go.jp/jusho/download/data/35201.zip
JP-35,山口県,宇部市,https://saigai.gsi.go.jp/jusho/download/data/35202.zip
JP-35,山口県,山口市,https://saigai.gsi.go.jp/jusho/download/data/35203.zip
JP-35,山口県,防府市,https://saigai.gsi.go.jp/jusho/download/data/35206.zip
JP-35,山口県,下松市,https://saigai.gsi.go.jp/jusho/download/data/35207.zip
JP-35,山口県,岩国市,https://saigai.gsi.go.jp/jusho/download/data/35208.zip
JP-35,山口県,光市,https://saigai.gsi.go.jp/jusho/download/data/35210.zip
JP-35,山口県,柳井市,https://saigai.gsi.go.jp/jusho/download/data/35212.zip
JP-35,山口県,周南市,https://saigai.gsi.go.jp/jusho/download/data/35215.zip
JP-35,山口県,山陽小野田市,https://saigai.gsi.go.jp/jusho/download/data/35216.zip
JP-35,山口県,和木町,https://saigai.gsi.go.jp/jusho/download/data/35321.zip
JP-36,徳島県,徳島市,https://saigai.gsi.go.jp/jusho/download/data/36201.zip
JP-36,徳島県,小松島市,https://saigai.gsi.go.jp/jusho/download/data/36203.zip
JP-37,香川県,高松市,https://saigai.gsi.go.jp/jusho/download/data/37201.zip
JP-37,香川県,丸亀市,https://saigai.gsi.go.jp/jusho/download/data/37202.zip
JP-37,香川県,坂出市,https://saigai.gsi.go.jp/jusho/download/data/37203.zip
JP-37,香川県,善通寺市,https://saigai.gsi.go.jp/jusho/download/data/37204.zip
JP-37,香川県,観音寺市,https://saigai.gsi.go.jp/jusho/download/data/37205.zip
JP-37,香川県,多度津町,https://saigai.gsi.go.jp/jusho/download/data/37404.zip
JP-38,愛媛県,松山市,https://saigai.gsi.go.jp/jusho/download/data/38201.zip
JP-38,愛媛県,今治市,https://saigai.gsi.go.jp/jusho/download/data/38202.zip
JP-38,愛媛県,宇和島市,https://saigai.gsi.go.jp/jusho/download/data/38203.zip
JP-38,愛媛県,八幡浜市,https://saigai.gsi.go.jp/jusho/download/data/38204.zip
JP-38,愛媛県,新居浜市,https://saigai.gsi.go.jp/jusho/download/data/38205.zip
JP-38,愛媛県,四国中央市,https://saigai.gsi.go.jp/jusho/download/data/38213.zip
JP-39,高知県,高知市,https://saigai.gsi.go.jp/jusho/download/data/39201.zip
JP-39,高知県,安芸市,https://saigai.gsi.go.jp/jusho/download/data/39203.zip
JP-39,高知県,南国市,https://saigai.gsi.go.jp/jusho/download/data/39204.zip
JP-39,高知県,須崎市,https://saigai.gsi.go.jp/jusho/download/data/39206.zip
JP-39,高知県,宿毛市,https://saigai.gsi.go.jp/jusho/download/data/39208.zip
JP-39,高知県,土佐清水市,https://saigai.gsi.go.jp/jusho/download/data/39209.zip
JP-39,高知県,四万十市,https://saigai.gsi.go.jp/jusho/download/data/39210.zip
JP-39,高知県,香美市,https://saigai.gsi.go.jp/jusho/download/data/39212.zip
JP-39,高知県,四万十町,https://saigai.gsi.go.jp/jusho/download/data/39412.zip
JP-40,福岡県,北九州市門司区,https://saigai.gsi.go.jp/jusho/download/data/40101.zip
JP-40,福岡県,北九州市若松区,https://saigai.gsi.go.jp/jusho/download/data/40103.zip
JP-40,福岡県,北九州市戸畑区,https://saigai.gsi.go.jp/jusho/download/data/40105.zip
JP-40,福岡県,北九州市小倉北区,https://saigai.gsi.go.jp/jusho/download/data/40106.zip
JP-40,福岡県,北九州市小倉南区,https://saigai.gsi.go.jp/jusho/download/data/40107.zip
JP-40,福岡県,北九州市八幡東区,https://saigai.gsi.go.jp/jusho/download/data/40108.zip
JP-40,福岡県,北九州市八幡西区,https://saigai.gsi.go.jp/jusho/download/data/40109.zip
JP-40,福岡県,福岡市東区,https://saigai.gsi.go.jp/jusho/download/data/40131.zip
JP-40,福岡県,福岡市博多区,https://saigai.gsi.go.jp/jusho/download/data/40132.zip
JP-40,福岡県,福岡市中央区,https://saigai.gsi.go.jp/jusho/download/data/40133.zip
JP-40,福岡県,福岡市南区,https://saigai.gsi.go.jp/jusho/download/data/40134.zip
JP-40,福岡県,福岡市西区,https://saigai.gsi.go.jp/jusho/download/data/40135.zip
JP-40,福岡県,福岡市城南区,https://saigai.gsi.go.jp/jusho/download/data/40136.zip
JP-40,福岡県,福岡市早良区,https://saigai.gsi.go.jp/jusho/download/data/40137.zip
JP-40,福岡県,久留米市,https://saigai.gsi.go.jp/jusho/download/data/40203.zip
JP-40,福岡県,直方市,https://saigai.gsi.go.jp/jusho/download/data/40204.zip
JP-40,福岡県,飯塚市,https://saigai.gsi.go.jp/jusho/download/data/40205.zip
JP-40,福岡県,田川市,https://saigai.gsi.go.jp/jusho/download/data/40206.zip
JP-40,福岡県,行橋市,https://saigai.gsi.go.jp/jusho/download/data/40213.zip
JP-40,福岡県,中間市,https://saigai.gsi.go.jp/jusho/download/data/40215.zip
JP-40,福岡県,筑紫野市,https://saigai.gsi.go.jp/jusho/download/data/40217.zip
JP-40,福岡県,大野城市,https://saigai.gsi.go.jp/jusho/download/data/40219.zip
JP-40,福岡県,宗像市,https://saigai.gsi.go.jp/jusho/download/data/40220.zip
JP-40,福岡県,太宰府市,https://saigai.gsi.go.jp/jusho/download/data/40221.zip
JP-40,福岡県,古賀市,https://saigai.gsi.go.jp/jusho/download/data/40223.zip
JP-40,福岡県,福津市,https://saigai.gsi.go.jp/jusho/download/data/40224.zip
JP-40,福岡県,朝倉市,https://saigai.gsi.go.jp/jusho/download/data/40228.zip
JP-40,福岡県,糸島市,https://saigai.gsi.go.jp/jusho/download/data/40230.zip
JP-40,福岡県,那珂川市,https://saigai.gsi.go.jp/jusho/download/data/40231.zip
JP-40,福岡県,宇美町,https://saigai.gsi.go.jp/jusho/download/data/40341.zip
JP-40,福岡県,志免町,https://saigai.gsi.go.jp/jusho/download/data/40343.zip
JP-40,福岡県,新宮町,https://saigai.gsi.go.jp/jusho/download/data/40345.zip
JP-40,福岡県,粕屋町,https://saigai.gsi.go.jp/jusho/download/data/40349.zip
JP-40,福岡県,芦屋町,https://saigai.gsi.go.jp/jusho/download/data/40381.zip
JP-40,福岡県,水巻町,https://saigai.gsi.go.jp/jusho/download/data/40382.zip
JP-40,福岡県,岡垣町,https://saigai.gsi.go.jp/jusho/download/data/40383.zip
JP-40,福岡県,遠賀町,https://saigai.gsi.go.jp/jusho/download/data/40384.zip
JP-41,佐賀県,佐賀市,https://saigai.gsi.go.jp/jusho/download/data/41201.zip
JP-41,佐賀県,唐津市,https://saigai.gsi.go.jp/jusho/download/data/41202.zip
JP-41,佐賀県,多久市,https://saigai.gsi.go.jp/jusho/download/data/41204.zip
JP-41,佐賀県,有田町,https://saigai.gsi.go.jp/jusho/download/data/41401.zip
JP-42,長崎県,長崎市,https://saigai.gsi.go.jp/jusho/download/data/42201.zip
JP-42,長崎県,佐世保市,https://saigai.gsi.go.jp/jusho/download/data/42202.zip
JP-42,長崎県,諫早市,https://saigai.gsi.go.jp/jusho/download/data/42204.zip
JP-42,長崎県,五島市,https://saigai.gsi.go.jp/jusho/download/data/42211.zip
JP-43,熊本県,熊本市中央区,https://saigai.gsi.go.jp/jusho/download/data/43101.zip
JP-43,熊本県,熊本市東区,https://saigai.gsi.go.jp/jusho/download/data/43102.zip
JP-43,熊本県,熊本市西区,https://saigai.gsi.go.jp/jusho/download/data/43103.zip
JP-43,熊本県,熊本市南区,https://saigai.gsi.go.jp/jusho/download/data/43104.zip
JP-43,熊本県,熊本市北区,https://saigai.gsi.go.jp/jusho/download/data/43105.zip
JP-43,熊本県,八代市,https://saigai.gsi.go.jp/jusho/download/data/43202.zip
JP-43,熊本県,荒尾市,https://saigai.gsi.go.jp/jusho/download/data/43204.zip
JP-43,熊本県,水俣市,https://saigai.gsi.go.jp/jusho/download/data/43205.zip
JP-43,熊本県,山鹿市,https://saigai.gsi.go.jp/jusho/download/data/43208.zip
JP-43,熊本県,天草市,https://saigai.gsi.go.jp/jusho/download/data/43215.zip
JP-43,熊本県,菊陽町,https://saigai.gsi.go.jp/jusho/download/data/43404.zip
JP-44,大分県,大分市,https://saigai.gsi.go.jp/jusho/download/data/44201.zip
JP-44,大分県,別府市,https://saigai.gsi.go.jp/jusho/download/data/44202.zip
JP-44,大分県,中津市,https://saigai.gsi.go.jp/jusho/download/data/44203.zip
JP-44,大分県,日田市,https://saigai.gsi.go.jp/jusho/download/data/44204.zip
JP-44,大分県,佐伯市,https://saigai.gsi.go.jp/jusho/download/data/44205.zip
JP-44,大分県,津久見市,https://saigai.gsi.go.jp/jusho/download/data/44207.zip
JP-45,宮崎県,宮崎市,https://saigai.gsi.go.jp/jusho/download/data/45201.zip
JP-45,宮崎県,都城市,https://saigai.gsi.go.jp/jusho/download/data/45202.zip
JP-45,宮崎県,延岡市,https://saigai.gsi.go.jp/jusho/download/data/45203.zip
JP-45,宮崎県,日南市,https://saigai.gsi.go.jp/jusho/download/data/45204.zip
JP-45,宮崎県,日向市,https://saigai.gsi.go.jp/jusho/download/data/45206.zip
JP-46,鹿児島県,鹿児島市,https://saigai.gsi.go.jp/jusho/download/data/46201.zip
JP-46,鹿児島県,鹿屋市,https://saigai.gsi.go.jp/jusho/download/data/46203.zip
JP-46,鹿児島県,出水市,https://saigai.gsi.go.jp/jusho/download/data/46208.zip
JP-46,鹿児島県,指宿市,https://saigai.gsi.go.jp/jusho/download/data/46210.zip
JP-46,鹿児島県,薩摩川内市,https://saigai.gsi.go.jp/jusho/download/data/46215.zip
JP-46,鹿児島県,霧島市,https://saigai.gsi.go.jp/jusho/download/data/46218.zip
JP-46,鹿児島県,奄美市,https://saigai.gsi.go.jp/jusho/download/data/46222.zip
JP-46,鹿児島県,姶良市,https://saigai.gsi.go.jp/jusho/download/data/46225.zip
JP-47,沖縄県,那覇市,https://saigai.gsi.go.jp/jusho/download/data/47201.zip
JP-47,沖縄県,宜野湾市,https://saigai.gsi.go.jp/jusho/download/data/47205.zip
JP-47,沖縄県,浦添市,https://saigai.gsi.go.jp/jusho/download/data/47208.zip
JP-47,沖縄県,名護市,https://saigai.gsi.go.jp/jusho/download/data/47209.zip
JP-47,沖縄県,糸満市,https://saigai.gsi.go.jp/jusho/download/data/47210.zip
JP-47,沖縄県,沖縄市,https://saigai.gsi.go.jp/jusho/download/data/47211.zip
JP-47,沖縄県,うるま市,https://saigai.gsi.go.jp/jusho/download/data/47213.zip
JP-47,沖縄県,嘉手納町,https://saigai.gsi.go.jp/jusho/download/data/47325.zip